playlist_name,track_name,artists,album,duration_ms,spotify_id,spotify_url
Spot To AM,Song for Zula,Phosphorescent,Muchacho,370200,6Thn8AOHIwPCkf2O4ZgfC2,https://open.spotify.com/track/6Thn8AOHIwPCkf2O4ZgfC2
Spot To AM,Wish You The Best,Lewis Capaldi,Broken By Desire To Be Heavenly Sent,210880,3gdPwk2wyOXNRnTA1KXnEr,https://open.spotify.com/track/3gdPwk2wyOXNRnTA1KXnEr
Workout,The Box,Roddy Ricch,Please Excuse Me for Being Antisocial,196652,0nbXyq5TXYPCO7pr3N8S4I,https://open.spotify.com/track/0nbXyq5TXYPCO7pr3N8S4I
Workout,Rock On!!,Farhan Akhtar,Rock On,231819,6fABlNfAOylt7ZxfX8K1XL,https://open.spotify.com/track/6fABlNfAOylt7ZxfX8K1XL
Workout,Not Like Us,Kendrick Lamar,Not Like Us,274192,6AI3ezQ4o3HUoP6Dhudph3,https://open.spotify.com/track/6AI3ezQ4o3HUoP6Dhudph3
Workout,I'm Bad,LL COOL J,Bigger And Deffer,279733,0hioWv2FDtVePjHFTwgrf7,https://open.spotify.com/track/0hioWv2FDtVePjHFTwgrf7
Workout,Sirius,The Alan Parsons Project,Eye In The Sky (Expanded Edition),115280,4OV0sRTFrZLXaZZ1sS9hLn,https://open.spotify.com/track/4OV0sRTFrZLXaZZ1sS9hLn
Workout,Cheques,Shubh,Still Rollin,183756,4eBvRhTJ2AcxCsbfTUjoRp,https://open.spotify.com/track/4eBvRhTJ2AcxCsbfTUjoRp
Workout,Bandana,Shubh,Bandana,154666,7KQdgW7QzNd9oPoCzjCU76,https://open.spotify.com/track/7KQdgW7QzNd9oPoCzjCU76
Workout,King Shit,Shubh,Leo,226933,1BpvuKIG7jK5EiTp2tv5z8,https://open.spotify.com/track/1BpvuKIG7jK5EiTp2tv5z8
Workout,No Love,Shubh,No Love,170387,08Isz2ETWSBhvIl8UpKYsp,https://open.spotify.com/track/08Isz2ETWSBhvIl8UpKYsp
Workout,You and Me,Shubh,Leo,172066,4thOONDx78zsY8sHGfU1M2,https://open.spotify.com/track/4thOONDx78zsY8sHGfU1M2
Workout,Untitled,KR$NA,Untitled,151384,4dCLUBJwtZwc4HYXvfcpyP,https://open.spotify.com/track/4dCLUBJwtZwc4HYXvfcpyP
Workout,Ykwim,"Karan Aujla, KR$NA, Mehar Vaani",Ykwim,194857,6qS40yL7kXVoChI8SSCQIQ,https://open.spotify.com/track/6qS40yL7kXVoChI8SSCQIQ
Workout,No Cap,KR$NA,No Cap,205423,1XdUEm2MwB6ysy6E80ltMg,https://open.spotify.com/track/1XdUEm2MwB6ysy6E80ltMg
Workout,Hola Amigo,"KR$NA, Seedhe Maut, Umair",FAR FROM OVER,226285,19pHSvXUwErAXFktkvYMk9,https://open.spotify.com/track/19pHSvXUwErAXFktkvYMk9
Workout,Sunn Na,Bali,Sunn Na,171162,7b8BHkjW0vfgT54yXp0Lvn,https://open.spotify.com/track/7b8BHkjW0vfgT54yXp0Lvn
Workout,Azadi,"Dub Sharma, DIVINE",Gully Boy (Original Motion Picture Soundtrack),155470,1NT0G4gcwljQk6o71vupty,https://open.spotify.com/track/1NT0G4gcwljQk6o71vupty
Workout,Baap Se,"Fotty Seven, KR$NA",Asli Independent,156037,2ZL0rLsGPUBjM6ygXOf3TG,https://open.spotify.com/track/2ZL0rLsGPUBjM6ygXOf3TG
Workout,Joota Japani,"KR$NA, Umair, Mukesh",Joota Japani,155076,3G0gdqt4LTreFwBYaymUhp,https://open.spotify.com/track/3G0gdqt4LTreFwBYaymUhp
Workout,Galat Launda,"Fotty Seven, MojoJojo",Galat Launda,141051,5sNftak2UpnGO890q3cqMl,https://open.spotify.com/track/5sNftak2UpnGO890q3cqMl
Workout,Baazigar,"DIVINE, Armani White",Gunehgar,169014,1T44wPr7LUlBY4vX6LlygG,https://open.spotify.com/track/1T44wPr7LUlBY4vX6LlygG
Workout,Rihaayi,Paradox,Mtv Hustle 2.0,168368,0jaeX4da4tK8LHTqbzy1c0,https://open.spotify.com/track/0jaeX4da4tK8LHTqbzy1c0
Workout,Khatta Flow,"Seedhe Maut, KR$NA",Lunch Break,152415,2qb5ASYergjk2qNLvYEQJD,https://open.spotify.com/track/2qb5ASYergjk2qNLvYEQJD
Workout,Bach Ke,"Talwiinder, Hasan Raheem, NDS",Bach Ke,173714,7euNoN3RtRhEK3qfqJLXFx,https://open.spotify.com/track/7euNoN3RtRhEK3qfqJLXFx
Workout,She Knows (feat. Amber Coffman & Cults),"J. Cole, Cults, Amber Coffman",Born Sinner (Deluxe Version),296520,0Fs9cdPDhptWEDJmiCbkEW,https://open.spotify.com/track/0Fs9cdPDhptWEDJmiCbkEW
Workout,First Class,Jack Harlow,Come Home The Kids Miss You,173947,0wHFktze2PHC5jDt3B17DC,https://open.spotify.com/track/0wHFktze2PHC5jDt3B17DC
Workout,SAD!,XXXTENTACION,?,166605,3ee8Jmje8o58CHK66QrVC2,https://open.spotify.com/track/3ee8Jmje8o58CHK66QrVC2
Workout,Still D.R.E.,"Dr. Dre, Snoop Dogg",2001,270586,503OTo2dSqe7qk76rgsbep,https://open.spotify.com/track/503OTo2dSqe7qk76rgsbep
Workout,Candy Shop,"50 Cent, Olivia",The Massacre,209106,5D2mYZuzcgjpchVY1pmTPh,https://open.spotify.com/track/5D2mYZuzcgjpchVY1pmTPh
Workout,No Role Modelz,J. Cole,2014 Forest Hills Drive,292799,68Dni7IE4VyPkTOH9mRWHr,https://open.spotify.com/track/68Dni7IE4VyPkTOH9mRWHr
Workout,Tyler Herro,Jack Harlow,Thats What They All Say,156578,3w1WjD2zJqjBjDz5fwqQPJ,https://open.spotify.com/track/3w1WjD2zJqjBjDz5fwqQPJ
Workout,WHATS POPPIN,Jack Harlow,Sweet Action,139741,1jaTQ3nqY3oAAYyCTbIvnM,https://open.spotify.com/track/1jaTQ3nqY3oAAYyCTbIvnM
Workout,In Da Club,50 Cent,Get Rich Or Die Tryin',193466,7iL6o9tox1zgHpKUfh9vuC,https://open.spotify.com/track/7iL6o9tox1zgHpKUfh9vuC
Workout,DAMNSON,Hanumankind,DAMNSON,150943,630ZXewu63FXyhoiKpO6tC,https://open.spotify.com/track/630ZXewu63FXyhoiKpO6tC
Workout,Big Dawgs,"Hanumankind, Kalmi",Big Dawgs,190666,0OA00aPt3BV10qeMIs3meW,https://open.spotify.com/track/0OA00aPt3BV10qeMIs3meW
Workout,The Last Dance,"Sushin Shyam, Hanumankind, Vinayak Sasikumar",Aavesham (Original Motion Picture Soundtrack),83000,5EbJjO0X1Xw620AXZMyyNZ,https://open.spotify.com/track/5EbJjO0X1Xw620AXZMyyNZ
Workout,Same Beef,"Bohemia, Sidhu Moose Wala",Same Beef,290360,65c6VCikt7f5sAS1heoYQC,https://open.spotify.com/track/65c6VCikt7f5sAS1heoYQC
Workout,Lakshya,"Shankar-Ehsaan-Loy, Shankar Mahadevan",Lakshya (Original Motion Picture Soundtrack),375706,7o1yzUVkQt2Gto5yYvzo2T,https://open.spotify.com/track/7o1yzUVkQt2Gto5yYvzo2T
Workout,,,,0,5W7DOVGQLTigu09afW7QMT,https://open.spotify.com/track/5W7DOVGQLTigu09afW7QMT
Workout,We Rollin,Shubh,We Rollin,199205,6ZYxNjuAU9Vy3VtF6W1dtE,https://open.spotify.com/track/6ZYxNjuAU9Vy3VtF6W1dtE
Workout,Born to Shine,Diljit Dosanjh,G.O.A.T.,213333,4XxfOvudrnBRdlgzEaq1sd,https://open.spotify.com/track/4XxfOvudrnBRdlgzEaq1sd
Workout,Downers At Dusk,"Talha Anjum, Umair",Open Letter,256000,5qolX8ncpZ8R6TfKbvTzbA,https://open.spotify.com/track/5qolX8ncpZ8R6TfKbvTzbA
Workout,Daku,"Chani Nattan, Inderpal Moga",Daku,131077,3wz2vWhYnnBoFmgMkqtzLy,https://open.spotify.com/track/3wz2vWhYnnBoFmgMkqtzLy
Workout,Baller,"Shubh, Ikky",Baller,148188,42TMa2hgBNjte4uV7jNCnQ,https://open.spotify.com/track/42TMa2hgBNjte4uV7jNCnQ
Workout,Arjan Vailly,"Manan Bhardwaj, Bhupinder Babbal",ANIMAL,182170,4ApCig0GTR4IEp7Ijsyo3r,https://open.spotify.com/track/4ApCig0GTR4IEp7Ijsyo3r
Workout,,,,0,7B4uYqxTpTOS1sgxFB9Ann,https://open.spotify.com/track/7B4uYqxTpTOS1sgxFB9Ann
Workout,Elevated,Shubh,Elevated,200658,2AilvPt1AQ8PixlCKqkjfj,https://open.spotify.com/track/2AilvPt1AQ8PixlCKqkjfj
Workout,Old Money,AP Dhillon,Old Money,128098,4WLDaQ8AgSwUgFoPzJkAYK,https://open.spotify.com/track/4WLDaQ8AgSwUgFoPzJkAYK
Workout,No Love,"Eminem, Lil Wayne",Recovery,299506,7bHT9osSq1rwT2yaImzqCi,https://open.spotify.com/track/7bHT9osSq1rwT2yaImzqCi
Workout,Ric Flair Drip (with Metro Boomin),"Offset, Metro Boomin",Without Warning,172800,7sO5G9EABYOXQKNPNiE9NR,https://open.spotify.com/track/7sO5G9EABYOXQKNPNiE9NR
Workout,INDUSTRY BABY (feat. Jack Harlow),"Lil Nas X, Jack Harlow",MONTERO,212352,5Z9KJZvQzH6PFmb8SNkxuk,https://open.spotify.com/track/5Z9KJZvQzH6PFmb8SNkxuk
Workout,Lalkara,"Diljit Dosanjh, Intense, Sultaan",Ghost,160500,2oenSXLDbWVaaL7QjSGYj5,https://open.spotify.com/track/2oenSXLDbWVaaL7QjSGYj5
Workout,G.O.A.T.,Diljit Dosanjh,G.O.A.T.,223636,46QbY78ha62aiu6gBgC7lS,https://open.spotify.com/track/46QbY78ha62aiu6gBgC7lS
Workout,White Brown Black,"Avvy Sra, Karan Aujla, Jaani",White Brown Black,175999,3nKQrVVlwbAQSnFbgZWdN0,https://open.spotify.com/track/3nKQrVVlwbAQSnFbgZWdN0
Workout,Still Rollin,Shubh,Still Rollin,174730,6oz1L5jcqZWYuId7nxvIan,https://open.spotify.com/track/6oz1L5jcqZWYuId7nxvIan
Workout,Excuses,"AP Dhillon, Gurinder Gill, Intense",Excuses,176232,29m79w9xPMH4YCD6r8JSmV,https://open.spotify.com/track/29m79w9xPMH4YCD6r8JSmV
Workout,Brown Munde,"AP Dhillon, Gminxr, Gurinder Gill, Shinda Kahlon",Brown Munde,254400,58f4twRnbZOOVUhMUpplJ4,https://open.spotify.com/track/58f4twRnbZOOVUhMUpplJ4
Workout,Day 'N' Nite (Nightmare),Kid Cudi,Man On The Moon: The End Of Day (Int'l Version),221240,60PAzFNW3vAiAiVK6DRJfB,https://open.spotify.com/track/60PAzFNW3vAiAiVK6DRJfB
Workout,Lightyears (with Young Thug),"Juice WRLD, Young Thug",Lightyears (with Young Thug),192130,6vVzKCUfA6LzEU9wH0xNUR,https://open.spotify.com/track/6vVzKCUfA6LzEU9wH0xNUR
Workout,Bhaag Milkha Bhaag - Rock Version,"Shankar-Ehsaan-Loy, Siddharth Mahadevan",Bhaag Milkha Bhaag (Original Motion Picture Soundtrack),279461,0KtHnXQjYkHNDsjTX3XqLc,https://open.spotify.com/track/0KtHnXQjYkHNDsjTX3XqLc
Workout,Praise The Lord (Da Shine) (feat. Skepta),"A$AP Rocky, Skepta",TESTING,205813,7ycWLEP1GsNjVvcjawXz3z,https://open.spotify.com/track/7ycWLEP1GsNjVvcjawXz3z
Workout,Lovin On Me,Jack Harlow,Lovin On Me,138411,4xhsWYTOGcal8zt0J161CU,https://open.spotify.com/track/4xhsWYTOGcal8zt0J161CU
Workout,MIDDLE CHILD,J. Cole,MIDDLE CHILD,213593,2JvzF1RMd7lE3KmFlsyZD8,https://open.spotify.com/track/2JvzF1RMd7lE3KmFlsyZD8
Workout,Prarthana,KR$NA,FAR FROM OVER,199672,3l3BzT3Ovdx2mQK366r5Ei,https://open.spotify.com/track/3l3BzT3Ovdx2mQK366r5Ei
Workout,Hood Life,"SAMBATA, Riar Saab, Karan Kanchan",Hood Life,197985,4G2sLmmGsJijWVEXAMEYCs,https://open.spotify.com/track/4G2sLmmGsJijWVEXAMEYCs
Workout,"The Savarkar Rage - From ""Swatantrya Veer Savarkar""",SAMBATA,"The Savarkar Rage (From ""Swatantrya Veer Savarkar"")",130476,02hIFmx1SAE9Ek4w2iDEIE,https://open.spotify.com/track/02hIFmx1SAE9Ek4w2iDEIE
Workout,Dolby Walya,"Nagesh Morwekar, Earl Edgar",Jau Dya Na Balasaheb (Original Motion Picture Soundtrack),335658,0jKX3Y9SxdqBBFJ3oz2cyR,https://open.spotify.com/track/0jKX3Y9SxdqBBFJ3oz2cyR
Workout,Chak Lein De,Kailash Kher,Chandni Chowk To China,262687,7FROOyFNVDaTbnnBcghUXL,https://open.spotify.com/track/7FROOyFNVDaTbnnBcghUXL
Workout,Apna Time Aayega,"DIVINE, Ranveer Singh, Dub Sharma",Gully Boy (Original Motion Picture Soundtrack),140463,5FLgOuLoVwwUUF7IL36Lux,https://open.spotify.com/track/5FLgOuLoVwwUUF7IL36Lux
Workout,Zinda,"Shankar-Ehsaan-Loy, Siddharth Mahadevan",Bhaag Milkha Bhaag (Original Motion Picture Soundtrack),210857,7vZz8oJ5qAqB9MghufRK5k,https://open.spotify.com/track/7vZz8oJ5qAqB9MghufRK5k
Workout,Challa,"Romy, Vivek Hariharan, Shashwat Sachdev, Kumaar",Uri - The Surgical Strike (Original Motion Picture Soundtrack),207780,7GjfRKsWOScFTXoX8s0Ln4,https://open.spotify.com/track/7GjfRKsWOScFTXoX8s0Ln4
PBMN,Dil Kay Isharay,Taha G,Dil Kay Isharay,188421,2JgSxQenl3eRwewgBUWyKU,https://open.spotify.com/track/2JgSxQenl3eRwewgBUWyKU
PBMN,Dopamine,BØRNS,Dopamine,224373,62ZXL1CWLJDiDWUZUhfLfU,https://open.spotify.com/track/62ZXL1CWLJDiDWUZUhfLfU
PBMN,Rung,Shamoon Ismail,Juice,183942,5qlsGohL4JSjYFYnCsljHM,https://open.spotify.com/track/5qlsGohL4JSjYFYnCsljHM
PBMN,Sukoon,"Hassan & Roshaan, Shae Gill",Day 5,255764,3DBCCSY8ys75I4T8iK2TTA,https://open.spotify.com/track/3DBCCSY8ys75I4T8iK2TTA
PBMN,Weak,AJR,The Click,201159,3BuLtAmXKy5uQYl4ED1zBT,https://open.spotify.com/track/3BuLtAmXKy5uQYl4ED1zBT
PBMN,At My Worst,Pink Sweat$,The Prelude,170344,0ri0Han4IRJhzvERHOZTMr,https://open.spotify.com/track/0ri0Han4IRJhzvERHOZTMr
PBMN,The Less I Know The Better,Tame Impala,Currents,216320,6K4t31amVTZDgR3sKmwUJJ,https://open.spotify.com/track/6K4t31amVTZDgR3sKmwUJJ
PBMN,Udd Chala,Taba Chake,Udd Chala,286181,7n6DDEpcqkhkiGhXwexF9I,https://open.spotify.com/track/7n6DDEpcqkhkiGhXwexF9I
PBMN,Sober Up (feat. Rivers Cuomo),"AJR, Rivers Cuomo",The Click,218763,7bXvOMQ3UrcTS1dO9Ppzsg,https://open.spotify.com/track/7bXvOMQ3UrcTS1dO9Ppzsg
PBMN,Burn the House Down,AJR,The Click (Deluxe Edition),212689,4u8Gkqyg87iGSW3hQbbnQZ,https://open.spotify.com/track/4u8Gkqyg87iGSW3hQbbnQZ
PBMN,Electric Love,BØRNS,Dopamine,218106,2GiJYvgVaD2HtM8GqD9EgQ,https://open.spotify.com/track/2GiJYvgVaD2HtM8GqD9EgQ
PBMN,Marijuana,Shamoon Ismail,Cookie,186985,1C9DajYq19423BwN85bNf0,https://open.spotify.com/track/1C9DajYq19423BwN85bNf0
PBMN,Somebody (2024),"Gotye, FISHER, Chris Lake, Kimbra, Sante Sansone",Somebody (2024),153518,0agQ9vIV7NP4dntGKLcCXO,https://open.spotify.com/track/0agQ9vIV7NP4dntGKLcCXO
PBMN,Where Are You Now,"Lost Frequencies, Calum Scott",All Stand Together,149066,3mfER4ORePHvN35cbZ3dkV,https://open.spotify.com/track/3mfER4ORePHvN35cbZ3dkV
PBMN,Past Lives,BØRNS,Dopamine,274320,1Dr5JexwA15wmKe7Y7maA9,https://open.spotify.com/track/1Dr5JexwA15wmKe7Y7maA9
PBMN,All I Want,Kodaline,In A Perfect World (Expanded Edition),305746,0NlGoUyOJSuSHmngoibVAs,https://open.spotify.com/track/0NlGoUyOJSuSHmngoibVAs
PBMN,The Night We Met,Lord Huron,Strange Trails,208211,3hRV0jL3vUpRrcy398teAU,https://open.spotify.com/track/3hRV0jL3vUpRrcy398teAU
PBMN,weak when ur around,blackbear,dead,169500,3UWkbO4emEOu9YUeOGq3vU,https://open.spotify.com/track/3UWkbO4emEOu9YUeOGq3vU
PBMN,Vertigo,Khalid,Suncity,270414,06GcodDliPWAYFX2LSFLIu,https://open.spotify.com/track/06GcodDliPWAYFX2LSFLIu
PBMN,THATS WHAT I WANT,Lil Nas X,MONTERO,143901,0e8nrvls4Qqv5Rfa2UhqmO,https://open.spotify.com/track/0e8nrvls4Qqv5Rfa2UhqmO
PBMN,Heat Waves,Glass Animals,Dreamland,238805,3USxtqRwSYz57Ewm6wWRMp,https://open.spotify.com/track/3USxtqRwSYz57Ewm6wWRMp
PBMN,Sweater Weather,The Neighbourhood,I Love You.,240400,2QjOHCTQ1Jl3zawyYOpxh6,https://open.spotify.com/track/2QjOHCTQ1Jl3zawyYOpxh6
PBMN,Ophelia,The Lumineers,Cleopatra,160097,14AyWf6y7KlWWLfAjdKMKI,https://open.spotify.com/track/14AyWf6y7KlWWLfAjdKMKI
PBMN,Hot Rod,Dayglow,Fuzzybrain,204014,5euumi7eqEgmxvCIJw2pSp,https://open.spotify.com/track/5euumi7eqEgmxvCIJw2pSp
PBMN,Gloom,Djo,DECIDE,120808,6L8JVXMBLDZeyhBKr0lrj8,https://open.spotify.com/track/6L8JVXMBLDZeyhBKr0lrj8
PBMN,Pumped Up Kicks,Foster The People,Torches,239600,7w87IxuO7BDcJ3YUqCyMTT,https://open.spotify.com/track/7w87IxuO7BDcJ3YUqCyMTT
PBMN,Another Day Of Sun,La La Land Cast,La La Land (Original Motion Picture Soundtrack),228173,5kRBzRZmZTXVg8okC7SJFZ,https://open.spotify.com/track/5kRBzRZmZTXVg8okC7SJFZ
PBMN,California Dreamin' - Single Version,The Mamas & The Papas,If You Can Believe Your Eyes & Ears,162373,4s6LhHAV5SEsOV0lC2tjvJ,https://open.spotify.com/track/4s6LhHAV5SEsOV0lC2tjvJ
